env,succ,coll,time,std_time,rew,std_rew,disc_freq,danger_d_min,std_danger
bl-cr,0.96,0.04,11.463541666666666,1.263458364937506,0.28576289753575307,0.09904992089134991,0.04413731609451627,0.15720480157506142,0.03656535042185551
bl-sq,0.92,0.08,11.717391304347826,1.9929281873475486,0.26050534829663025,0.13923014448600077,0.040558810274898605,0.15823849029767145,0.034598043768778085
dn-cr,0.78,0.22,12.14102564102564,1.7048148931351337,0.18104610402115767,0.1944282659053148,0.07034938621340887,0.14965013218564505,0.04577624077753745
dn-sq,0.9,0.06,13.022222222222222,2.3733603827006213,0.21867867740428562,0.12696808291670816,0.08711839166046165,0.16172686053037505,0.03531899112745586
lg-cr,0.98,0.0,17.596938775510203,2.687279334334516,0.15867650849754936,0.04814104106979681,0.030091947617720813,0.16360928664499383,0.03537213622852913
lg-sq,0.82,0.14,18.646341463414632,2.8084018162384665,0.09460209287571043,0.10427548187871012,0.06944833380005601,0.15967603148861317,0.03832103113528742