env,succ,coll,time,std_time,rew,std_rew,disc_freq,danger_d_min,std_danger
bl-cr,0.0,0.02,25,0,-0.0049420563027517675,0.034594394119262364,0.00020395676116663266,0.11842338872792696,0.0
bl-cr,0.0,0.02,25,0,-0.004793242352578221,0.03354713644938134,0.0012217470983506415,0.1221347465006441,0.060513089132944814
bl-sq,0.0,0.02,25,0,-0.004567564434357532,0.030668072879192647,0.0010191602119853241,0.1820253761023119,0.014635021362111408
dn-cr,0.0,0.06,35,0,-0.015092898213978113,0.05607639480383513,0.001669195751138088,0.16201781274610758,0.042992251198892724
