env,succ,coll,time,std_time,rew,std_rew,disc_freq,danger_d_min,std_danger
bl-cr,0.88,0.12,8.161931818181818,0.1360970405341305,0.2731431567928665,0.19567147846044494,0.3220937700706487,0.0829539540675383,0.05920731316772605
lg-sq,0.58,0.42,12.78448275862069,0.7123423537970205,0.03757531402538402,0.1975400943692505,0.262739597942964,0.10486687535231341,0.06039859072157514
bl-cr,0.7,0.3,8.192857142857143,0.1590789817951435,0.2209286020816214,0.26466229864702673,0.14809590973201692,0.09641290078433713,0.060988759889264874
bl-sq,0.88,0.12,8.238636363636363,0.15032677903776084,0.32010481426885945,0.1977347882966837,0.1557377049180328,0.09369024824817389,0.05940750843753056
dn-cr,0.54,0.46,8.175925925925926,0.19020961652013088,0.11917789018715555,0.2783335789992471,0.2056843679880329,0.09749088581062916,0.06531662736488758
dn-sq,0.5,0.5,8.62,0.8576712656956627,0.016725507798712066,0.2915957380328958,0.4260312944523471,0.0810352018153041,0.05977090341857289
lg-cr,0.64,0.36,12.921875,1.7471377262182282,0.08330162571463924,0.18653224171341506,0.17140195621797857,0.1005687426924908,0.062090043266100736
lg-sq,0.6,0.4,12.791666666666666,0.6058167122891948,0.038081276150817966,0.2063965699716319,0.2548298068077277,0.09620846976517991,0.06129338668580382
bl-cr,0.74,0.26,8.263513513513514,0.636571119638588,0.23427887943685163,0.2606495534250618,0.17329737019554955,0.08814175091044514,0.06377653852708227
