env,succ,coll,time,std_time,rew,std_rew,disc_freq,danger_d_min,std_danger
bl-cr,0.36,0.06,11.166666666666666,3.875671984744495,0.10558954275344302,0.1723931473823889,0.014214266912345353,0.09526847458713898,0.06351073280886488
bl-sq,0.18,0.08,10.86111111111111,3.2555745164408028,0.04399393884886352,0.1419833724060229,0.011927480916030535,0.11314227489530301,0.06385589541105767
