env,succ,coll,time,std_time,rew,std_rew,disc_freq,danger_d_min,std_danger
bl-cr,0.0,0.0,25,0,-0.00015424375297821223,0.0010797062708474859,0.0002,0.13496512343152928,0.0
