env,succ,coll,time,std_time,rew,std_rew,disc_freq,danger_d_min,std_danger
dn-sq,0.54,0.38,15.185185185185185,7.8429588003179145,0.026340917830175573,0.2419916532733213,0.1822125813449024,0.10270608159763395,0.0652737188514255
dn-sq,0.5,0.34,16.0,6.841052550594828,0.001963445958224318,0.19546335756792604,0.1782178217821782,0.11092405109368925,0.06196373440125601
dn-cr,0.84,0.12,11.375,3.6965435914932105,0.20402320372020052,0.20042178907459893,0.18752598752598754,0.11273455015526042,0.06112288866497155
lg-cr,0.68,0.22,20.720588235294116,4.153207790142083,0.005652411173442628,0.14255323344954884,0.1114323258869908,0.09984400294558692,0.06747337819310165
lg-sq,0.36,0.2,21.125,5.180927898445305,-0.045311980848618455,0.12610995279832413,0.09328872269238339,0.09253970974914542,0.06559716522135864
bl-sq,0.86,0.08,10.662790697674419,2.682785194169112,0.26422595699551765,0.1772968235170736,0.09082774049217002,0.12126578746836193,0.0583694556617303
bl-cr,0.96,0.04,10.78125,2.748875243470803,0.3089649941920147,0.11859875559350816,0.08564814814814815,0.12774211367285593,0.06156942604719366
bl-cr,0.94,0.06,12.476063829787234,1.9351415463568542,0.23916846922906568,0.11449148057402503,0.09170751633986927,0.1261382995781767,0.06275040410682312
