env,succ,coll,time,std_time,rew,std_rew,disc_freq,danger_d_min,std_danger
dn-cr,0.66,0.28,14.484848484848484,5.631331249687753,0.08528242992749424,0.20483723847466265,0.1406020558002937,0.09887600181498413,0.06673242562967312
dn-sq,0.42,0.32,15.738095238095237,6.61819110593969,0.008483394393779708,0.18842690863223685,0.12701555869872702,0.11625155981720844,0.061220461230197025
lg-sq,0.48,0.22,21.979166666666668,4.537411997922262,0.013078763133922578,0.09153936810686783,0.09393183707398171,0.12863207978503188,0.05970549443289941
lg-cr,0.82,0.14,20.085365853658537,5.061093151735239,0.07939533099195611,0.10743093732770019,0.06266050333846944,0.12079425102772495,0.06162175767848593
bl-cr,0.92,0.08,11.619565217391305,2.325274136734007,0.26253193096164484,0.1282149483951007,0.06367204535542957,0.11568325158062423,0.056893901315321016
bl-sq,0.88,0.08,12.107954545454545,3.1741130325475857,0.2340779200219952,0.15696076731346564,0.09005321326238232,0.12247244809730225,0.056927651423728784
bl-cr,0.9,0.1,12.177777777777777,2.309775254953404,0.23025584845754987,0.14612936766339923,0.07535729753139887,0.10989163101098144,0.060405138420725424
