env,succ,coll,time,std_time,rew,std_rew,disc_freq,danger_d_min,std_danger
bl-cr,1.0,0.0,9.84,1.3863260799682016,0.36387061863260045,0.05214916419817317,0.03556910569105691,0.1574043395132835,0.03669867320084217
bl-sq,0.98,0.02,9.933673469387756,1.5284508548941764,0.3502254717868323,0.08720758670465331,0.03737373737373737,0.14633958689919271,0.04596715693634598
dn-cr,0.84,0.16,10.482142857142858,1.9748363834749953,0.2446019679333231,0.1940310780229777,0.12190082644628099,0.12961528144008758,0.05778461883805659
dn-sq,0.66,0.34,8.93939393939394,0.8528701609731816,0.1533283472754464,0.2659887806982408,0.31716906946264745,0.11283052343398473,0.062251602888172414
lg-cr,0.86,0.14,15.25,1.9507005301018234,0.12802057155981392,0.11818559062336431,0.1832276250880902,0.13113370238089056,0.05723100456667079
lg-sq,0.68,0.32,13.257352941176471,1.3165871853428455,0.09364197930162257,0.18244831340540413,0.2151238591916558,0.12698921238470542,0.05683505599999867
