env,succ,coll,time,std_time,rew,std_rew,disc_freq,danger_d_min,std_danger
bl-cr,0.96,0.02,11.958333333333334,1.4508737788733457,0.27263040472792527,0.09074078916873093,0.06379453189726594,0.16155767235046725,0.03593651723459981
bl-cr,0.92,0.08,11.445652173913043,1.5463078777947348,0.2666932079917098,0.13888987061661023,0.0578246902248738,0.15928993514696466,0.03988507174308759
bl-cr,0.96,0.04,11.713541666666666,1.3711969977349068,0.27475856319313335,0.10571837813387311,0.05017605633802817,0.1469000573549401,0.04684771560961257
