env,succ,coll,time,std_time,rew,std_rew,disc_freq,danger_d_min,std_danger
bl-cr,0.94,0.04,11.547872340425531,1.3958890039550451,0.28156281915928316,0.1015552820234097,0.029097133076593923,0.16799610345774738,0.03128012094656944
bl-sq,0.98,0.02,11.239795918367347,0.8375120828757828,0.3010770291628099,0.0738229079881033,0.03601981089599279,0.1526125775677653,0.03515744909027323
dn-cr,0.84,0.16,12.541666666666666,2.313210422836077,0.1951526109333899,0.18212955333072245,0.08832807570977919,0.15361078491328528,0.04695482100098544
dn-sq,0.76,0.2,13.453947368421053,2.76125404335906,0.1469952683902759,0.18144041594200555,0.14414414414414414,0.15371192064163774,0.04145691841127912
lg-cr,0.94,0.06,16.574468085106382,1.3137113393070765,0.15191636473789466,0.09416309399838653,0.044359949302915085,0.15813333299667354,0.038448674033444485
lg-sq,0.82,0.18,18.073170731707318,2.1457870680900264,0.09101253319066252,0.12045838105277062,0.08183821214982688,0.15356507243323453,0.045723833444680985
