env,succ,coll,time,std_time,rew,std_rew,disc_freq,danger_d_min,std_danger
bl-cr,0.96,0.04,11.677083333333334,2.040576877516639,0.2796275941072192,0.11980739148180498,0.03278688524590164,0.14872232101122754,0.04771318842644148
bl-sq,0.86,0.08,11.819767441860465,2.282596938385315,0.2450365394245337,0.15374168165216293,0.04811281625881377,0.17626312708327713,0.02915514910728103
//bl-cr,0.88,0.04,10.625,2.2446274240343924,0.28305311139231804,0.15520977722098542,0.08693752730449979,0.16005263194824634,0.042727286361241096
dn-cr,0.88,0.12,12.335227272727273,2.5572663748588007,0.21834961980905693,0.17385509054058823,0.09933184855233854,0.15380522751248435,0.049152207862540306
dn-sq,0.88,0.08,13.125,3.1426772749592753,0.20851441172841662,0.14580100542210608,0.14584096738732136,0.15765560725702688,0.04081965503132918
lg-cr,0.92,0.06,17.630434782608695,3.5538325646997784,0.1358501802839687,0.08630886467106168,0.08239700374531835,0.15585664906773858,0.03770739331149961
lg-sq,0.9,0.1,17.55,3.693688310257558,0.13339796910371116,0.10203176668435392,0.07268920131618307,0.15838037924894094,0.04184892997776844
