env,succ,coll,time,std_time,rew,std_rew,disc_freq,danger_d_min,std_danger
bl-cr,0.9,0.1,12.088888888888889,1.78742175862606,0.2374309364899277,0.15553851996098073,0.04665769403319874,0.16447097325075877,0.034751108667551135
bl-sq,0.98,0.02,11.816326530612244,1.4938440946404161,0.28807613445884933,0.08490930609992572,0.018502581755593803,0.17991589799711835,0.01741318064420046
dn-cr,0.86,0.14,12.354651162790697,2.472072239515336,0.20401884714662968,0.18819287892932543,0.09028097650852142,0.14766425868713365,0.04986518480341511
dn-sq,0.78,0.22,12.897435897435898,2.519614050571948,0.15608324578809377,0.19970195489554757,0.10626450116009281,0.1558771775611765,0.04605241849068684
lg-cr,0.96,0.02,18.395833333333332,2.930991607895791,0.13912290113902256,0.07708145479894342,0.04296981234702203,0.14859668885473198,0.02880592501067639
lg-sq,0.84,0.12,20.702380952380953,2.8327580448371457,0.07530324058612249,0.10290443317634394,0.02823102823102823,0.16291562553879285,0.0431812189015959