env,succ,coll,time,std_time,rew,std_rew,disc_freq,danger_d_min,std_danger
bl-cr,0.92,0.08,11.940217391304348,1.8803798056803804,0.24627698268723414,0.15438369803083524,0.06241519674355495,0.15945303582654802,0.040784335447347504
bl-sq,0.92,0.06,11.369565217391305,1.497950711039323,0.27462811219982136,0.12682735062611106,0.030762371823450735,0.1571574214402286,0.04223959737985717
dn-sq,0.7,0.22,13.621428571428572,2.795002829395085,0.1197439916401704,0.19124979583865517,0.1601960045231813,0.16089441340357746,0.039107131576737106
lg-sq,0.78,0.16,17.634615384615383,2.8021547077056894,0.0994083025869455,0.12194699400206485,0.0676779463243874,0.16581228684854527,0.04085161738148613
lg-cr,0.96,0.04,16.885416666666668,1.8659213076624879,0.15593972249884355,0.08324514229185748,0.03261200853398354,0.15147128669670604,0.04379610144053878
dn-cr,0.84,0.16,12.642857142857142,1.8613733866029518,0.19618972897247805,0.16283315185249841,0.11073253833049404,0.15518337696200915,0.04764115112094228
