env,succ,coll,time,std_time,rew,std_rew,disc_freq,danger_d_min,std_danger
bl-cr,0.74,0.26,7.864864864864865,0.16017931879905,0.2321995481609755,0.26242709969740485,0.21922796795338675,0.08296911463139342,0.05850444716681766
bl-sq,0.84,0.16,7.880952380952381,0.16581414615695378,0.31316539962454637,0.23132249349726133,0.14948805460750852,0.09309073170331282,0.06333842723542761
dn-cr,0.78,0.22,7.967948717948718,0.3847222073877861,0.24284085806745204,0.2501257760005539,0.24472573839662448,0.08168171434900924,0.05674396282269463
dn-sq,0.5,0.48,8.04,0.22,0.02804888816036487,0.29069466872457494,0.46396761133603237,0.06844392187343927,0.06022509097960485
lg-cr,0.52,0.48,11.990384615384615,0.1467724761776322,0.040826141507968004,0.1990491383369164,0.16611661166116612,0.08797582153447563,0.05696523040509817
lg-sq,0.66,0.34,12.159090909090908,0.2669850028288802,0.061273689521572965,0.19041307923534684,0.27976190476190477,0.09481230589572194,0.061992369997052495
bl-cr,1.0,0.0,7.8075,0.10520812706250407,0.36929090898690864,0.04365077178056847,0.2564841498559078,0.07094400496329573,0.054736903490824176
bl-cr,0.74,0.26,7.871621621621622,0.1495671866295855,0.23429978362819695,0.2703910174526596,0.20707070707070707,0.08414069460890775,0.05808366984346559
