env,succ,coll,time,std_time,rew,std_rew,disc_freq,danger_d_min,std_danger
bl-sq,0.9,0.06,10.144444444444444,2.69541219734204,0.2910242652144224,0.16183514563664747,0.11603273952816562,0.11974123193836154,0.05901262191688721
bl-cr,0.9,0.08,9.661111111111111,2.6400523750883953,0.318393400471825,0.1738025309030625,0.06635318704284221,0.1331707095065674,0.053078585689498956
lg-cr,0.4,0.12,18.2,6.206649659840645,0.029407807744033468,0.1211867313694836,0.08578770508005534,0.10845302342962541,0.06760886668892345
dn-sq,0.48,0.38,12.208333333333334,4.29490169335173,0.04510573342927583,0.21134308711958882,0.23690955693885024,0.13414112833954056,0.05629913168270102
dn-cr,0.68,0.28,9.955882352941176,3.206995219687791,0.18075355921018763,0.24841175993756373,0.14085914085914086,0.11288464588532383,0.06038163239532418
lg-sq,0.24,0.28,18.208333333333332,6.2164376633424245,-0.01832770383004152,0.11685546945534125,0.12283628779979144,0.14824114803619393,0.053141268449659135
